,B cell,DN1 thymic pro-T cell,Fraction A pre-pro B cell,Langerhans cell,T cell,alveolar macrophage,basal cell,basal cell of epidermis,basophil,bladder cell,bladder urothelial cell,blood cell,cardiac muscle cell,ciliated columnar cell of tracheobronchial tree,classical monocyte,dendritic cell,duct epithelial cell,early pro-B cell,endocardial cell,endothelial cell,endothelial cell of hepatic sinusoid,epithelial cell,erythroblast,fibroblast,granulocyte,granulocytopoietic cell,hematopoietic precursor cell,hepatocyte,immature B cell,immature T cell,keratinocyte,kidney capillary endothelial cell,kidney cell,kidney collecting duct epithelial cell,kidney loop of Henle ascending limb epithelial cell,kidney proximal straight tubule epithelial cell,late pro-B cell,leukocyte,luminal epithelial cell of mammary gland,lung endothelial cell,macrophage,mast cell,mesangial cell,mesenchymal cell,mesenchymal stem cell,monocyte,myeloid cell,nan,natural killer cell,neuroendocrine cell,non-classical monocyte,proerythroblast,promonocyte,skeletal muscle satellite cell,stromal cell,type II pneumocyte
0,Cd79a,Klra9,Cox6a2,Cd207,Ms4a4b,Ear2,Acta2,Krt5,Prss34,Car3,Ivl,Il1b,Nppa,Sec14l3,Lyz1,Siglech,Psca,Vpreb1,Npr3,Fabp4,Clec4g,Tg,Beta-s,Cfh,Retnlg,Camp,Mpo,Alb,Vpreb3,Dntt,Krt36,Emcn,Cd209a,S100g,Umod,Kap,Vpreb3,Il1b,Expi,Cldn5,Retnla,Ccl3,Rgs5,Cytl1,Ccl11,Lyz2,Cd209a,Thbs4,Gzma,Mpz,Gngt2,Car2,Ly6c2,Myod1,Inmt,Sftpc
1,Ms4a1,Cd7,Irf8,Il1r2,Cd3d,Ear1,Cnn1,Krt15,Mcpt8,Col1a1,Upk1a,Ccl17,Myl7,Dynlrb2,Lyz2,Cox6a2,Mup2,Igll1,Igf2,Selp,Dnase1l3,Bpifa1,Hbb-b2,Htra3,Mmp8,Ngp,Elane,Apoa2,Fam129c,Cd8a,Krt4,Ppap2a,Naaa,Klk1,Slc12a1,Spink3,Igll1,Csf3r,1600029D21Rik,Tmem100,C1qb,Ccl4,Myl9,Col2a1,Ptx3,Ccr2,Ccl17,Tnmd,Ccl5,Kcna1,Lst1,Gypa,Ms4a6c,Asb5,Mmp3,Sftpa1
2,Cd79b,Ctsw,Runx2,Ccl22,Cd3g,Ccl6,Tagln,Serpinb10-ps,Cpa3,Wnt2,Upk3a,C1qb,Myh6,Ccdc153,Ms4a6c,Bst2,Upk1b,Vpreb3,Cfh,Glycam1,Stab2,Dcpp3,Hba-a2,Ccdc80,Ifitm6,S100a8,Ctsg,Serpina3k,Cd79b,Cd8b1,Krtdap,Esm1,H2-DMb1,Slc12a3,Egf,Miox,Vpreb1,C1qa,Csn3,Clec14a,C1qa,Osm,Myh11,Ucma,Smoc2,Ms4a6c,Retnla,Fmod,Klre1,Rgs5,Emr4,Beta-s,F13a1,Des,Sod3,Sftpb
3,Faim3,Cxcr6,Siglech,Pgf,Il7r,Abcg1,Fst,Col17a1,Fcer1a,Col1a2,Foxq1,Cxcl2,Sln,Scgb1a1,Clec4a3,Lag3,Krt7,Vpreb2,Eng,Apold1,Ehd3,Scgb3a2,Alas2,Col15a1,S100a9,Fcnb,Prtn3,Mup3,Spib,Hist1h2ao,Cnfn,Plvap,H2-Ab1,Calb1,Wfdc15b,Slc34a1,Hist1h2ae,Clec4f,Fcgbp,Ramp2,C1qc,Ifitm1,Tagln,3110079O15Rik,Ifi205,Lyz1,H2-DMb1,Acta1,Klrb1c,Myh11,Treml4,Slc4a1,Ccr2,Fam132b,Mfap4,Cxcl15
4,Tnfrsf13c,Xcl1,Bex6,Ccl17,Ms4a6b,Chi3l3,Chi3l1,Igfbp2,Ccl3,Cxcl14,Gstm1,C1qa,Ttn,1110017D15Rik,Gm9733,Rnase6,Upk3a,Dntt,H19,Gpihbp1,Gpr182,Dcpp2,Snca,Tbx20,S100a8,S100a9,Ms4a3,Apoa1,Fcrla,Arpp21,Ly6g6c,Ehd3,H2-Eb1,Aqp2,Ppp1r1a,Acsm2,Hist1h1b,Clec4d,Krt18,Car4,Siglech,Ccl6,Acta2,Mia1,Cxcl1,Ccl9,C1qa,Angptl7,Gzmb,Acta2,Clec4a3,Rhd,Lyz2,Chodl,Ppp1r14a,Slc34a2
5,2010001M09Rik,Klra1,Hist1h2ae,Mfge8,Cd3e,Atp6v0d2,Tpm2,Wnt10a,Cd200r3,Thbs2,Krt7,Cd14,Tnni3,Tmem212,Ccr2,Lair1,Mup20,Tifa,Cgnl1,Aqp1,Oit3,Sbpl,Hbb-b1,Meox1,Lcn2,Chi3l3,Igj,Fabp1,Cd79a,Lck,Sprr1b,AU021092,H2-Aa,Slc14a2,Kng2,Tmem27,Myl4,C1qc,Krt8,Calcrl,Ccl4,Hdc,ORF63,Wif1,Tnfaip6,Gm11428,C1qc,Kera,Ncr1,Myl9,Ear2,Hbb-b2,Tifab,Nppc,Limch1,Sftpd
6,H2-Ob,Klrb1c,Cd7,Cd83,Gimap3,Ltc4s,Actg2,Krt14,Csrp3,Htra1,Mal,C1qc,Tnnt2,Fam183b,Lst1,Irf8,Mup1,Bfsp2,Vwf,Rnd1,Fcgr2b,Scgb3a1,Hba-a1,Pi16,Mmp9,Lcn2,Pf4,Serpina1c,Dnajc7,Satb1,Krt6b,Rsad2,Clec10a,Defb1,Car15,Akr1c21,Hist1h1e,Cd5l,Epcam,Hpgd,Cox6a2,Ccl9,Pcp4l1,Acan,Ccl7,F13a1,H2-DMa,Cilp,Nkg7,Tagln,Apoc2,Alas2,Mki67,Chrdl2,Fhl1,Sfta2
7,Bank1,Cd3g,Hist1h1b,Rgs1,Ramp3,Mrc1,Gjb3,Crabp1,Gata2,Fbln1,Akr1b8,Bcl2a1b,Myl4,Riiad1,LOC100038947,Cd209d,Upk2,Cplx2,Sdpr,Cdh5,Mrc1,Lipf,Bpgm,Lum,Ngp,Cebpe,Ppbp,Mup20,Pou2af1,Thy1,Krt84,Plscr2,Xcr1,Hsd11b2,Atp1b1,Gpx3,Hist1h1a,Gm11428,Cited1,Icam2,Aif1,Defb40,Mylk,Col11a1,Has1,Ccl6,Mgl2,Rrad,Klra9,Il6,AF251705,Hemgn,Lyz1,Myf5,Pcolce2,Lamp3
8,Cr2,Klra3,Top2a,H2-Ab1,Lat,Clec7a,Clca2,Moxd1,Ctsg,Col12a1,Upk2,Ccl4,Actc1,1700016K19Rik,Klra2,Pld4,Gstm1,2010001M09Rik,Bmx,Csf3,Ptprb,Reg3g,Gypa,Dpt,1100001G20Rik,1100001G20Rik,Prss57,Ttr,Cnp,Sh2d1a,Krt13,Slc9a3r2,Plbd1,D630042F21Rik,Cldn10,Lrp2,Lrmp,Ccl6,Krt19,Acvrl1,H2-Eb1,Fcer1a,Pln,Chad,Lrrn4cl,Alox5ap,C1qb,Tnnc2,Klrk1,Gm13889,Itgal,Car1,Hist1h1b,Gal,Wisp2,Ager
9,Cd19,Il7r,Mki67,Dpep2,Hcst,Krt79,Cda,5730469M10Rik,Hist1h2ac,Tnc,Upk1b,Tnip3,Mb,Cbr2,Ccl9,Mpeg1,Ivl,Lef1,Tm4sf1,Flt1,F8,Cyp2f2,Trim10,Cygb,Ltf,Pglyrp1,Ly6c2,Serpina1e,Tnfrsf13c,Lat,Krt16,Podxl,H2-DMa,Kl,Kcnj1,Guca2b,Top2a,Cd83,Aldh1a3,Egfl7,H2-Ab1,A130040M12Rik,Nrip2,Col9a2,Fgl2,Lst1,Ccr2,Tnnt3,Klrd1,Higd1b,Eno3,Snca,Pld4,Flnc,Tnfaip6,Hc
10,Cd37,Ms4a4b,H2afx,Tbc1d4,Tnfrsf4,Il18,Gjb4,Itgb4,Cyp11a1,Tcf21,Fmo5,Ms4a7,Tnnc1,1700009P17Rik,Ccl6,Ppfia4,Upk1a,Xrcc6,Gpm6a,Cd36,Fam167b,Lypd2,Ube2l6,Gsn,Camp,Ltf,Plac8,Apoc3,Arl5c,Ccr9,Tgm3,Eltd1,Cd74,Tmem213,Slc5a3,Dnase1,Mki67,C1qb,Prlr,Lyve1,Gm11428,Cyp11a1,Akr1b7,Col10a1,Myoc,Mpeg1,H2-Ab1,Myl1,Klra18,Mustn1,Cd300e,Klf1,Csf2ra,Arl4d,Pdgfra,Cldn18
11,Fcer2a,Klra7,Selplg,Klrb1b,Ccr7,Clec4n,Cxcl14,Pax9,Ifitm1,Asz1,Psca,H2-DMb1,Cox6a2,1700094D03Rik,Cd300a,Ccr9,Mup3,Pde2a,Emcn,C1qtnf9,Stab1,Tff2,Car2,Fbln1,AA467197,Cd177,Cst7,Serpina1a,Ms4a1,Cd3g,Krt76,Egfl7,Aif1,Pgam2,Sostdc1,Slc4a4,2810417H13Rik,Cd14,Cldn3,Tspan7,Cd14,Cd7,Mustn1,Col8a1,Apod,Tyrobp,Ccl22,Cilp2,Klra7,Sncg,Fcgr4,Ctse,Fcer1g,Akap2,Npnt,Pla2g1b
12,H2-Oa,Klrk1,Hist1h1e,H2-Eb1,Icos,Itgax,Fermt1,Crlf1,Rnase12,Cck,2200002D01Rik,Bcl2a1d,Ankrd1,1700007K13Rik,Ms4a4c,Runx2,Tmprss2,Prep,Mmrn2,Darc,Gpihbp1,Cbr2,Mkrn1,Gas1,Pglyrp1,Trem3,Clec12a,Serpina1b,2010001M09Rik,Cd3e,Serpinb3a,Ptprb,Il1b,Gm10664,Klk1,Fut9,Hist1h2ao,Retnla,Cldn7,Ecscr,H2-Aa,Gp49a,Lmod1,Col9a3,Clec3b,Clec4a3,Gm2a,Serpinf1,AW112010,Plp1,Clec4a1,Trim10,Alox5ap,Fgfr4,Hhip,Lgi3
13,Cd22,Nkg7,Bst2,Cxcl2,Itk,Marco,Myl9,Lamb3,Hdc,Nkain4,Hilpda,Cd209a,Atp2a2,Rsph1,Clec4a1,Klk1b27,Dnmt3l,Arl5c,Pecam1,Esam,Kdr,Scgb1a1,Apol11b,6330406I15Rik,Cd177,Hmgn2,Cmtm7,Ahsg,Cd19,Tcf7,Sbsn,Plat,Ccr2,Cryab,Gpx6,Gatm,H2afx,Rgs1,Basp1,BC028528,Cxcl2,Gata2,Sncg,Lect1,Gsn,Fcer1g,H2-Eb1,Ckm,Cma1,Mbp,Cd300a,Hmbs,Tyrobp,Cdh15,Dpep1,Chi3l1
14,Fcrl1,Il2rb,Rnase6,Hpgds,Skap1,Mpeg1,Myh11,Plek2,Ccl4,3632451O06Rik,1110032A04Rik,Ccl9,Cox8b,Lrrc10b,Gm11428,Pacsin1,Mal,Msh5,Ednrb,Iigp1,Sepp1,Aqp5,2410076I21Rik,Mfap4,1810033B17Rik,Clec4a2,Myb,Gc,Faim3,Rag1,Mt4,Fam167b,Ppt1,Slc8a1,Fxyd2,Aldob,Ezh2,Cxcr2,Slc12a2,Clec1a,Il1b,Cd200r3,Rergl,Hapln1,Igfbp6,Ms4a4c,Aif1,Mylpf,Ctsw,Rgs4,Ace,Hba-a2,Glipr1,Vgll2,Mamdc2,Lyz1
15,Fcrla,Cd3e,Flt3,H2-Aa,Cxcr6,Sirpa,Sox4,Cdc20,Alox5,Col3a1,8430408G22Rik,Pf4,Cox7a1,Foxj1,Csf1r,Cd7,Vsig2,Lrmp,Hmcn1,Grrp1,Plxnc1,Cyp2a5,Slc4a1,Abca8a,Fpr2,1700020L24Rik,Ramp1,Hpx,Cd72,Cd3d,Crct1,Sox17,Clec4b1,Cdh16,Clcnkb,Slc27a2,Tifa,Lst1,Efhd2,Sdpr,H2-DMb1,Cpa3,Rasd1,1500015O10Rik,Fbln2,Ly6c2,H2-Aa,Comp,Klra3,Rgs16,Csf1r,Cldn13,Itgb7,Meg3,Olfml3,Nkx2-1
16,Cd74,Gzmb,2810417H13Rik,Cd74,Cd2,Lpl,Csf1,Tppp3,Ms4a3,Fbln5,Slc14a1,Gm11428,Pln,Meig1,Alox5ap,Klra17,Apoa2,Pmf1,Gpr182,Pecam1,Bmp2,Msln,Fech,Tcf21,Trem3,Itgb2l,Nkg7,Cyp3a11,Pafah1b3,Rrm2,Krtap3-3,Cd300lg,Clec9a,Spp1,Cdh16,Acy3,Hist1h2ab,Cxcl2,Mfge8,Ace,Mgl2,Csrp3,Atp1b2,S100b,Col5a3,Gm9733,Cd74,Pvalb,Klri2,Rasl11a,Hfe,Tmcc2,Cfp,Pdpn,G0s2,Dram1
17,Ltb,Klrd1,BC035044,H2-DMb1,Cd28,Cidec,Efhd2,Barx2,Ccl9,Serpina3n,Vsig2,H2-Eb1,Csrp3,AU040972,Ctss,2210020M01Rik,Ttr,Blnk,Colec11,Tcf15,Msr1,Ifitm1,Tfdp2,Scn7a,Itgam,Gca,Srgn,Fgb,Syk,Cd27,Krt10,Ly6c1,Amica1,Atp6v1g3,Fabp3,Spp2,Rrm2,Osm,Wnt5b,Cdh5,Ccl3,Rgs1,Cald1,Cpe,Tnxb,Cx3cr1,Batf3,Ptx4,Xcl1,Mylk,Fgr,Slc25a37,Hist1h1e,Msc,Postn,Cbr2
18,Blk,Cd3d,Ppfia4,Bcl2a1d,Folr4,Nceh1,Id4,Fam162a,Rgs1,Pi16,Areg,Mgl2,Ryr2,Tctex1d4,Pld4,A430084P05Rik,Ctse,Arpp21,Cd93,Rasip1,Flt4,Ltf,Tmcc2,Heyl,Chi3l3,Adpgk,Adssl1,Apoc4,Cd37,Cd247,Krt35,Tspan8,Cst3,Kcnj1,Nccrp1,Slc22a12,Lmnb1,Retnlg,1810010D01Rik,Stmn2,Bst2,Cyp4f18,Rgs7bp,Col9a1,Mnda,Cybb,Ppfia4,Timp1,Ccl4,Des,Cd300ld,Ermap,Hist1h2ae,Jsrp1,Foxf2,Muc1
19,Pou2af1,Hcst,Hist1h2ao,Cxcl16,Cd8b1,Bcl2a1a,Rbp1,Ckmt1,Cst7,Vcan,Gsta4,Lilrb4,Tcap,1700027A23Rik,Tyrobp,Cybasc3,Sprr2g,Stambpl1,Egfl7,Ptprb,Gm4980,Bpifb1,Rsad2,Matn2,Adpgk,Hp,AI662270,Serpina1d,Pou2f2,Skap1,Krt85,Eng,Mgl2,Atp1b1,Clcnka,Pdzk1,Hist1h4d,Ccr1,Csf3,Ctla2a,Cd209a,Tmem71,Cox4i2,Otor,Nid1,Clec4a1,Cd7,Itgbl1,Ms4a4b,Art3,LOC100038947,Tspo2,Emb,Cxcl1,Clec3b,Bex4
20,Hvcn1,Cxcr3,Ms4a6c,Cd86,Lck,Hebp1,Il17b,Tmem132a,Ms4a2,Spon1,Wfdc2,Cd83,Smpx,Cxcl17,Fcer1g,Amica1,1110032A04Rik,Smarca4,Pgm5,Sox17,Gpr116,Cxcl5,Epb4.1,Lhfp,Cebpe,Clec12a,Sdf2l1,Apoc1,Snn,Aqp11,Defb4,Nrp1,Pld4,Clcnkb,1700011H14Rik,Ugt2b38,Uhrf1,Hdc,Sox9,Plvap,Mpeg1,E330020D12Rik,Tpm2,Col27a1,Mfap5,Pld4,Naaa,Cpxm2,Il2rb,Ccl19,Pilra,Cpox,Hmgb2,Mt2,Ogn,Chia
21,Spib,Cd160,Itgb7,Nlrp3,Cd247,Klhdc4,Arl4c,Bok,Mns1,Adam23,Tmprss2,Csf2rb,Fabp3,Cyp2s1,Plac8,Cd209a,Foxq1,Fam129c,Plvap,Ctla2a,Lifr,Tspan1,Tspo2,Dpep1,Ncf1,Ifitm6,Atp8b4,Fga,Dusp2,Xrcc6,Calm4,Meis2,Irf8,Ppp1r1a,Spp1,Fxyd2,Pou2af1,Cd209a,Ptn,Afap1l1,Mcpt4,Sytl3,Sorbs2,Pla2g5,Htra3,Ifi27l2a,Pld4,Chodl,Klrg1,Fabp7,Fcer1g,Fam55b,2810417H13Rik,Rhoj,Hsd11b1,Bex2
22,Cxcr5,Zap70,Cenpf,Grasp,Il2rb,F7,Npy,Sox15,Fcgr3,Cygb,Gsdmc2,H2-Aa,Nppb,Sntn,Fcgr1,Upb1,Gsdmc2,Rag1,Stab1,Emcn,Plxnd1,Ager,Dhrs11,Osr1,Ceacam10,Ncf1,Trem3,Hamp,Dok3,Mns1,Fam25c,Calca,Slamf8,Fxyd2,Mfsd4,Keg1,Ccna2,Gm5483,Tm4sf1,Sox18,Cd74,Wdr95,Olfr558,Omd,Dpt,Ctss,Plbd1,Tnni2,Klrb1a,Pcp4l1,Cx3cr1,Hbb-b1,Top2a,6330406I15Rik,Loxl1,Scd1
23,Cd72,Gimap4,Upb1,Tnfaip2,Txk,1810033B17Rik,Postn,Ccdc3,Rgs18,Mmp23,Ctse,Plek,Ldb3,Arhgdig,Mpeg1,Cd300c,Apoc1,Ttll11,Bace2,Sdpr,Cd300lg,Dmbt1,Pnpo,Loxl1,Cybb,Ms4a3,Igsf6,Apoh,Siglecg,Cd4,Krt6a,Kdr,Pmaip1,1700011H14Rik,Cldn19,Pck1,Bfsp2,H2-Eb1,Aqp5,Gpihbp1,Csf1r,Csf2rb,Rcan2,Mfi2,Sfrp4,Cd300a,Irf8,Rgs5,Klra23,Notch3,Ly6i,Blvrb,Lst1,A130040M12Rik,Itga8,Etv5
24,H2-Aa,Skap1,Mpeg1,Tnip3,Ctsw,Olr1,Ltbp2,Ckap2l,Alox5ap,Cpz,Sh3gl2,Aif1,Tpm1,2610028H24Rik,Cx3cr1,Tyrobp,2200002D01Rik,Klhl6,Ctla2a,Plvap,Adam23,Sult1d1,Hbq1b,Clec3b,Itgb2l,Serpinb1a,Ap3s1,Fgg,Ptprcap,2810417H13Rik,Krtap3-1,Esam,Ckb,Aif1l,Atp1a1,Slc22a8,Hist2h2ac,H2-Ab1,Ido1,Slc9a3r2,Pld4,Lilrb4,Kcna5,Scara3,Gfpt2,LOC100038947,Fgd2,Prelp,Klra8,Rcan2,Sfpi1,Hba-a1,Mpeg1,Dnaja4,Sept4,Irx1
25,Mef2c,Klre1,Casc5,Il1b,Lime1,Ctss,Krt17,Anxa8,Itga2b,Dkk2,Cdc42ep5,H2-Ab1,Mybphl,1700026L06Rik,Lilrb3,Dnajc7,Aldh1a7,Pafah1b3,Rn45s,Mmrn2,Egfl7,Agr2,Nt5c3,Fstl1,Clec4a2,Gsr,BC035044,Mup2,Tifa,Endou,Serpinb12,Tek,Mpeg1,Rhcg,Tmem72,Slc5a2,Hmgb2,Mmp9,Ceacam1,Vwf,Pf4,Slc41a3,Des,Fzd9,Fstl1,Igsf6,Cbfa2t3,Apod,Cd7,Cryab,Lyz1,Rhag,Ccl9,Ncam1,Tcf21,Abca3
26,Pou2f2,Dok2,Aspm,Havcr2,Cd27,Lyz1,Pmepa1,Ube2c,Gp49a,Vcam1,Krt19,Ccl22,Pam,1700001C02Rik,Sirpb1b,Grn,Foxa1,Bcl7a,Tek,Timp4,Eng,Epas1,St3gal5,Fbln2,Gm5483,Igsf6,Hk3,Ambp,Pyhin1,Cd28,Cst6,Mmrn2,Rnase6,Fxyd4,Tmem213,Cyp2j5,Cnp,Mgl2,Areg,Prx,Cd68,1110028F11Rik,Notch3,Mgp,Cd34,Clec7a,Fam105a,Igfbp6,Samd3,Cald1,Bcl2a1a,Tspan33,Ifi30,Pdlim4,1810010H24Rik,Lyz2
27,H2-Ab1,Bcl2,Cd48,Csf2rb,Fyb,Cybb,Palld,Vsnl1,Lat2,Rcn3,Krt18,Clec7a,Hspb7,BC051019,Ifi204,Cd4,Fmo5,Gfra1,Nrp1,Cldn5,Nrp1,Ces1d,5730469M10Rik,Gpm6b,Alox5ap,Arhgdib,Gsr,Bhmt,Myl4,Fbxo5,Fabp5,Gpr116,Ppfia4,Kng2,Ptger3,Pah,Pafah1b3,H2-Aa,Tmem56,Cyp4b1,Ccl9,Alox5ap,Mrvi1,Prg4,Islr,Plac8,Mpeg1,Cxcl13,Serpinb9,Nrip2,Pilrb1,Ubac1,Prtn3,Fxyd6,Sparcl1,Npw
28,H2-Eb1,AW112010,Tifab,Alox5,Gimap4,Sh2d1b1,Sox10,Adrb2,Cyp4f18,Tnfsf9,Dnmt3l,C3ar1,Txlnb,Hdc,Ms4a6b,Cyth4,Akr1b8,Slamf7,Foxc1,Tm4sf1,Maf,Iyd,March2,Igf1,Lrg1,Elane,Gpr97,Gnmt,Prkcb,Bcl11b,Krt24,Tie1,Alox5ap,Cldn8,Kcnj16,Hao2,Myb,1600010M07Rik,Clca2,Thbd,Irf8,Rgs2,P2rx1,Ppa1,Ccl2,Rassf4,Ms4a6c,Col1a1,Txk,Sorbs1,Spn,Dhrs11,Plac8,Cxcl3,Lrp4,Ppp1r14c
29,Gm8369,Lck,Kif23,Bcl2a1b,Lef1,Siglec5,Tubb6,Tmprss11a,Alox15,Col6a3,Cldn7,Ccl3,Mybpc3,Cldn3,Lrrc25,Clec10a,Kbtbd11,Gmfg,Car8,Cd300lg,Dpp4,Muc5b,Isg20,Mfap5,Hp,Lyz2,Fcgr3,Akr1c6,Blk,Stmn1,2310033E01Rik,Clic5,Slamf7,Pvalb,Ldhb,Mep1a,Kif11,Vsig4,Dkkl1,Eng,Ctss,Emilin2,S1pr3,Ctgf,Angptl1,Tifab,Cd68,Prg4,Klrb1f,Gja4,Hck,Ube2l6,Rassf4,Cd82,Figf,Cldn3
30,Ptprcap,Id2,Cbfa2t3,Arl4c,Fam189b,Cd200r4,Tnfrsf12a,Gnai1,Plac8,Gadd45g,Uchl1,Cd74,Obscn,Efcab10,Emilin2,Nucb2,Cyp4f15,Myb,Smoc1,Gpr116,Eltd1,Aldh1a1,2810453I06Rik,Sfrp2,Hdc,Cybb,H2afy,Hpd,Map4k1,Anp32e,Gm94,Clec14a,Flt3,Tfcp2l1,Tfap2b,Ggt1,Cenpe,Pilra,F3,Esam,Bcl2a1b,Fxyd5,Rasl11a,Clec3a,Pi16,Klra2,Alox5ap,AU040972,Klra1,Cox4i2,Myo1g,Apol11b,C1galt1c1,Odc1,Fmo2,Egfl6
31,Igj,Thy1,Hist1h2ab,Ccr1,Gramd3,Gal,Jag1,Ociad2,Ccl6,Csrp2,Myof,Tnfrsf1b,Ckm,Mlf1,Ifi27l2a,Gm5547,Enho,Fam53b,Rps6ka2,Ecscr,Clec1b,Dcpp1,Isg15,Cd34,Cxcr2,Hmgb2,Svip,Kng1,Unc93b1,Rag2,Dsg1a,Flt1,Wdfy4,Sfrp1,Slc16a7,Cml1,2010001M09Rik,Slc40a1,Sox10,Cav2,Ccl24,Il4,Cnn1,Fn1,AI607873,Ifitm6,Cst3,Aspn,Dok2,Sfrp5,Adrbk2,Hist1h1b,Clec4a2,Glul,Gm4956,Car8
32,Grap,Ly9,Birc5,Rhof,Tnfrsf18,AI504432,Actn1,2010111I01Rik,Ccr1,Aldh1a2,Sprr1a,C5ar1,Myoz2,Gm1574,Ifitm6,Klk1,9530036O11Rik,Phldb3,Ramp2,Egfl7,Clec14a,Cldn3,Isca1,Ltbp4,Ltb4r1,Clec5a,Rasgrp2,Serpinc1,Bank1,Cd6,Lor,Cldn15,Bcl2a1d,Egf,Ppargc1a,Slc22a6,Cplx2,Tyrobp,Cck,Ptprb,Rnase6,Gpr183,Sorbs1,Comp,Cxcr7,Slfn1,Lsp1,Il6,Eomes,Lmod1,Abi3,Mki67,Sfpi1,Cebpd,Gyg,Fasn
33,Ly86,Tnfrsf18,Cenpe,Ccrl2,Sh2d2a,Cd44,Plekhb1,Pappa,Emilin2,Akap12,Shh,Clec4d,Cmya5,Aldh3b1,Mnda,Ly6c2,Fabp1,Fcrl6,Tmem2,Jam2,Npr1,Sec14l3,Hmbs,Entpd2,Lilrb3,1810033B17Rik,Cebpe,Rgn,Bcl11a,Dut,2310002J15Rik,Ehd4,Irf5,Wfdc15b,Cgnl1,Hsd3b4,Nusap1,Bcl2a1d,Irx1,Myzap,Lair1,Ccr1,Zfhx3,Col11a2,Lum,Emilin2,Ctss,Atp2a1,Prf1,Gucy1a3,Lair1,Fech,BC035044,Fgfr1,Rarres2,Aqp5
34,Gimap1,Tmem149,Hmmr,Csf1r,Vps37b,Bst1,Fhl2,Pdlim1,Cebpa,Wfdc1,Gata3,Csf1r,Srl,Gm1673,Fgr,Tmem229b,Fer1l4,Ng23,Cd59a,Ly6c1,Aqp1,Wfdc2,Ube2o,Igfbp4,Pilra,Itgam,Fcnb,Apob,Lrmp,Cdca7,Spink5,Cd200,Lsp1,Abca13,Rap1gap,Cyp4b1,Cenpf,Sepx1,Snhg11,Rasgef1a,Cd7,C3ar1,Agtr1a,A230065H16Rik,Pcolce,S100a4,Selplg,Abi3bp,Fasl,Ednrb,Tyrobp,Hist1h2ae,Cd48,Slc39a14,Mfap5,Atp8a1
35,Btla,Gimap3,Lmnb1,Cd14,Cd6,Tcf7l2,Pdlim3,Ppp2r2c,Il3ra,Creb3l1,Ugt2b34,Cxcl3,Actn2,Cldn18,Hck,Spns3,C8g,Bst1,Ecscr,Slfn5,Mmrn2,Tpo,Gm12839,Axl,Lyz2,Ncf4,Rgs18,H2-Q10,Sp140,Ccnd3,Calml3,Tinagl1,Gm2a,Angpt2,Abca13,Slc5a12,Nrgn,C5ar1,Cd164,Myct1,Folr2,Tyrobp,Mcam,Susd5,Entpd2,Fcgr3,Gm11428,Fbln7,Cst7,Aoc3,Tnfrsf1b,Epb4.2,Hp,Vcam1,Tmem119,S100g
36,Swap70,Lat,Smc2,Cytip,Satb1,Ms4a8a,Slpi,Gyltl1b,Fut7,Cpxm1,Rab11fip1,Clec10a,Hrc,2410004P03Rik,Fcgr3,Evi2a,Serpina1e,Sit1,F2r,Eltd1,Itga9,Sftpd,Blvrb,Camk2n1,Pygl,Lrg1,1700020L24Rik,Ces1c,Plekha2,1190002F15Rik,2610528A11Rik,Lims2,Batf3,Ldhb,Defb1,Slc13a3,Dut,Cd300ld,D4Bwg0951e,Pecam1,Cd83,Cd69,Sparcl1,Sparc,Cilp,Fcgr1,Rassf4,Myl9,Il18r1,Synpo2,Bcl2a1d,Alad,Myo1f,Bdkrb1,Gm13889,Alcam
37,Dtx1,Icos,Kif11,Ltc4s,Limd2,Csf2rb,Cald1,Trp63,Poln,Serpinh1,Krt23,Retnla,Casq2,1600029I14Rik,Cd68,Slamf9,Fa2h,Cd79a,Smad6,Cd93,Sema6a,Slc16a11,Cmas,Sulf2,Padi4,Lta4h,Alas1,Cyp2c69,Ikzf3,Hmgb2,Dmkn,Ushbp1,Cfp,Kcnj16,Ppp1r1b,Ttc36,Fcrla,Stfa2l1,Ano1,Gpr116,Cd209d,Il18r1,Filip1,9930013L23Rik,Mt1,Lilrb3,Cd300a,Fxyd6,Hcst,S1pr3,Cyp4f18,Urod,Lmnb1,Crlf1,Mustn1,Napsa
38,Apobec3,Selplg,Cd209a,Xlr,Ltb,Pla2g15,1600029D21Rik,Crip1,Slc18a2,Bmp4,Krt8,Clec4e,Myom2,Lrrc51,Ly6c2,Cd68,Dppa5a,Smtnl2,Cp,Nts,Cd38,Gabrp,Gpx1,Adamts5,Mrgpra2b,Ltb4r1,Serpinb1a,Tat,Cd38,Nusap1,Krtap13-1,Pecam1,Gm6377,Car15,Sfrp1,Fbp1,Bach2,Cfp,Slc5a5,Tmcc2,Ms4a7,Lat2,Kcnab1,Meg3,Itm2a,Ifi204,Evi2a,Col22a1,Ccl3,Tpm2,Klra2,Icam4,Selplg,Gdnf,Ccl2,Mlc1
39,Gpr18,Ptprcap,Sell,Cd209a,Ptpn22,Ctsd,Pdlim4,Pard6g,Padi2,Col5a1,Foxa1,Cytip,Ckmt2,Tspan1,Ncf2,Kmo,8430408G22Rik,Myl10,Cbfa2t3,Tie1,Pde2a,Cxcl17,Urod,Col14a1,Sepx1,Ly6c2,Kcnk12,Cyp2c29,Ralgps2,Ptpn7,Slurp1,Tm4sf1,Fam105a,Bst1,Ckb,Ugt3a2,Birc5,Csf1r,Irx2,Ripply3,Ppfia4,Csf1,Gucy1a3,Gpc6,Fbn1,Samhd1,Cfp,Col1a2,Fcer1g,Crispld2,Stk10,Spna1,Igsf6,P2ry14,Ms4a4d,Npc2
40,Cd38,Ltb,Plac8,Slc15a3,Thy1,Tnfaip2,Angptl4,Jub,Ap3s1,Serping1,Atrn,Gp49a,Pgam2,4833427G06Rik,Igsf6,Ctsh,Snx31,Cd19,Hand2,Podxl,Tinagl1,BC048546,Mpp1,Ms4a4d,B230208H11Rik,Lyz1,Cldn15,Rbp4,Swap70,Birc5,Krt31,Igfbp5,Gm4902,Slc26a4,D630042F21Rik,Kcnj15,Slamf7,Aif1,Rhou,Cxx1a,Bcl2a1d,C5ar1,Tpm1,Loxl4,Fndc1,Ly86,Rnase6,Pcolce,Tbx21,Rrad,Pilrb2,Hist1h1e,Birc5,Rapsn,Lrat,E030019B13Rik
41,Ms4a4c,Il18r1,Lgals1,H2-DMa,Zap70,Slc7a2,Pdpn,Gpsm2,Fcer1g,Itih5,Lmo1,Slc15a3,Tmod1,1700088E04Rik,Cybb,P2ry14,Apoc3,Tspan13,Wipf3,Mgll,Lyve1,Aqp4,Xpo7,C1qtnf7,Slfn4,2810417H13Rik,Lta4h,Vtn,Fam53b,H2afx,2310079G19Rik,Ifi44,Cd68,Hoxb9,Cyfip2,Glyat,Ccnd3,Fcna,Tnfrsf12a,Cd36,H2-DMa,Ms4a2,Hspb2,Cdkn1c,Ifi204,Ncf2,Flt3,Ogn,Cd244,Sorbs2,Pou2f2,Tfrc,H2afx,F630111L10Rik,Efemp1,Cd36
42,Prkcb,Il27ra,Cks1b,Dcstamp,Prkcq,C5ar1,Epcam,Nradd,Tyrobp,Ppic,Kcnk1,Il17a,Kcnk3,4933404M02Rik,Sfpi1,Pkib,Acaa1b,Tcf3,Pdlim3,Cav1,Cd59a,Gp2,Slc25a37,Lamc1,Mxd1,F630028O10Rik,Hmgn2,F2,Sbk1,Tyms,Dapl1,Sox18,Gm11428,Spink8,Pde1a,Folr1,Smc2,H2-DMb1,Gm5480,Ehd4,Cfp,Mcpt8,Nexn,Prrx1,Itih5,Apoc2,Cd48,Olfml3,Khdc1a,Procr,Itgb2,Slc43a1,Fcgr3,Cd200,Cmklr1,Prr15l
43,Blnk,Cst7,Stmn1,1300014I06Rik,Gpr132,AF251705,Tm4sf1,Klk10,Il4,Serpine1,Ermp1,Nlrp3,Gm1078,Traf3ip1,Slfn1,Plac8,Cyp2a12,Rcsd1,Cpe,Ifit1,Tek,Slc15a2,Bcl2l1,Eln,Fcer1g,Prtn3,Syce2,Cyp2e1,Ltb,Nsg2,Rbp2,Icam2,Sfpi1,Emx1,Aif1l,Tmem174,Fbxo5,Clec7a,Bglap-rs1,Tek,Tyrobp,Hk3,Stbd1,Ppp1r1b,Dpep1,Ms4a6b,Bcl2a1a,Mfap4,S1pr5,Gpm6b,Sirpb1b,Rsad2,Napsa,Chrnb1,Eln,Cox6a2
44,Siglecg,Fam189b,Ramp1,Snx20,Grap2,Axl,Csf3,Cdca3,Srgn,Ctsk,Srd5a1,Cfp,Xirp2,Ctxn1,4632428N05Rik,Klrd1,D8Ertd82e,Cmtm7,Gpr116,Gng11,Arhgef15,Fmo3,Bnip3l,Sfrp1,C5ar1,Arrb2,Glipr1,Itih4,Tcf3,Spc24,Lypd3,Irx3,Pkib,Ifit3,Wnk4,Slc17a1,Esco2,Bcl2a1b,Acot1,Epas1,Plek,Slc18a2,Dgkb,Pam,Adamts5,Evi2a,Siglech,Dcn,Gimap4,Steap4,Slc11a1,Tal1,Fam111a,Slc43a3,Pi15,1110017F19Rik
45,Ralgps2,Ptpn7,Nusap1,AA467197,Sept1,Fpr1,Mylk,Cenpa,1110028F11Rik,C1s,Cldn4,Clec4n,Mtus2,Cyp2b10,Lilrb4,Ly86,Cfhr1,Ebf1,Enpp6,Eng,Cdh5,2310043J07Rik,Fam46c,Arhgef40,Lyz1,Alox5ap,Cks1b,Apoa5,Pkig,Ccna2,Fgfbp1,Clec1a,Xlr,Atp1a1,Tmem207,Sult1d1,Tcf3,Amica1,Atp6v1b1,Nkd1,Rgs1,Alox15,Tinagl1,Myoc,Cd248,4632428N05Rik,Sfpi1,Pdgfrl,Itgb2,Pmp22,Cd68,Tfdp2,Fes,Mt1,Scgb1a1,Prmt8
46,H2-Eb2,Sept1,Cyth4,Alox5ap,Ptpn18,Cybasc3,Igfbp3,Isl1,Cpne2,Col6a1,S100a6,Bcl2a1a,Nexn,Odf3b,Ms4a6d,Lefty1,Hoxa11as,Tbc1d10c,Acer2,Cxcl9,Calcrl,Gsto1,Epb4.2,Qpct,Tyrobp,AA467197,Ogfrl1,Orm1,Bach2,Rhoh,Tchh,Gng11,Tnip3,Fabp3,Nudt4,Dao,Hells,H2-M2,Gipc2,Pltp,Bcl2a1a,Cd244,Gm13889,Itga10,Serpinf1,Gpr141,Tyrobp,Lox,Serpinb6b,Atp1b2,Ctss,Rrm2,Lilra6,Ank1,Mylk,Snx25
47,H2-DMa,Sh2d2a,Cmtm7,Hepacam2,Gimap6,Cd300lf,Crispld2,Ccdc34,Ptplad2,Scara5,Dsg2,Tlr2,Slc8a1,Ccdc11,Clec7a,Atp2a1,Gstt3,Snn,Cdh11,E030010A14Rik,Cd55,Gprc5a,Specc1,Ogn,St3gal5,Fam101b,Mcm5,Cyp2c50,Blnk,Myl10,Ada,Rasip1,Cysltr1,Kcnj10,Efhd1,Hrsp12,Hmmr,Lilrb4,Prss22,Kank3,Fcrls,2310001H17Rik,Serpini1,Ccdc80,Cebpd,Myo1f,Ccl9,Ecm2,Sytl3,Ccl11,Ms4a6c,Slfn14-ps,Tgfbi,Fas,Atp1a2,Irx2
48,Pyhin1,Runx3,Pld4,Gpr183,Xcl1,Slc15a3,Lmod1,Klf5,Clec12a,Dkk3,Syt8,Clec4b1,Doc2g,Nme5,Apoc2,Irf7,Elovl3,Cdc25b,Ptgs1,Isg15,Lhfpl2,Kcnh3,Rad23a,Rbp1,Arrb2,Pnkp,Cenpw,Slco1b2,Hvcn1,Ramp1,2310002L13Rik,Ramp3,Slamf9,Umod,Mrps6,Pth1r,Bcl7a,Clec4e,Tgm2,Cd93,Emr1,Cxcr2,Gucy1b3,Ccl19,6330406I15Rik,Cd68,Itgb7,C1qa,Tyrobp,Olfr558,Fyb,Kel,Spc24,Ankrd1,Ptgis,Acsl4
49,March1,Cd27,Hist1h4d,P2rx2,Ctla4,Ptpn12,Plaur,Stmn1,Csf2rb,Col16a1,Rnf128,Rgs1,Eef1a2,Scgb3a2,Oas1a,Spib,Ugt2b5,Rasgrp2,Nos3,Slc9a3r2,Tmem2,Oit1,Dcaf12,Pdgfra,Lst1,B230208H11Rik,Cks2,Uox,Bcl7a,Sept1,Serpinb2,Sncg,Ms4a6c,Gdf15,Bsnd,Tcn2,Hmgb1,Tnip3,Irx3,Rasip1,Lilrb4,Itgb7,Lbh,A330049M08Rik,Mt2,Sepx1,Ifi30,Ccl2,Selplg,Pln,Samsn1,Hebp1,Gpr141,Tln2,Slc1a3,Ank3
50,Cd52,Itgae,Tmem229b,Il10,Pydc3,Laptm5,Pqlc1,Igfbp3,Osm,Hhip,Gstm4,Cxcl16,Des,Dnali1,Irf7,Fyb,Hilpda,B3gnt2,Tnfsf10,Myct1,Snrk,Muc1,Slfn14-ps,Gata4,Clec4e,Mki67,Lyl1,Mat1a,Ly86,Ccnb2,Pkp1,Apold1,Ear2,Scnn1b,Fgf9,Gcnt1,Stmn1,G0s2,Tph1,Cav1,Slamf9,Ptplad2,Flna,Sox9,Dcn,1810033B17Rik,Rgs1,Scx,Klrb1b,Rasd1,Gm9733,St3gal5,Smc2,Hsph1,Cdh11,Acoxl
51,Snn,Evl,Kif20b,Csf2ra,Itgb7,Car4,Sphk1,Lgals7,E330020D12Rik,Nbl1,Prss22,Cd68,Myom1,Tekt1,Evi2a,Tmem221,Gnmt,Pou2af1,Rgs3,Aqp7,Ppap2a,Lrrc26,Gda,Lrp1,Gda,Hist1h1e,Lmo2,Trf,Chst3,Uhrf1,Psapl1,Gpihbp1,Evi2a,Atp4a,Baiap2l2,Calml4,1190002F15Rik,Bcl2a1a,Tead2,Pllp,Tnip3,P2ry14,Pdlim3,Bgn,Abca8a,Clec4a2,Zmynd15,Aebp1,Tnfrsf9,Gfra3,Cybb,Prdx2,Ctsc,Heyl,Spon2,Atp6v1c2
52,Ptpn6,Tespa1,Prc1,Il7r,Nkg7,Cpne5,Runx1,Tns4,Cmtm7,Pltp,Snx31,Rilpl2,Trdn,Cdhr3,Myo1f,BC147527,Bcl2l14,Impdh1,9430020K01Rik,Kdr,Robo4,Pglyrp1,Mllt3,Sdc2,Stfa2l1,Glrx,Tifab,Mbl2,Wdfy4,Rmnd5a,Klk14,Pcdh17,Psmb9,Wnk4,Etnk1,4931406C07Rik,Arl5c,AF251705,Nupr1,Gata2,Fcer1g,Fcgr3,Filip1l,Lif,Serping1,Ppfia4,Folr2,C1qc,Dusp2,Sparcl1,Cd97,Cd24a,Tmpo,Spsb1,Fgf7,4930420K17Rik
53,Sp140,Ly6c2,H2afy,Cfp,Ccl5,Lpin1,Lcn2,Cpn1,Fxyd5,Fkbp7,Tmem45b,Slamf9,Lmod2,Clic6,Samhd1,Unc93b1,Aspdh,Rag2,Plagl1,Unc45b,Tspan7,Pigr,Smox,Apoe,Tmcc1,Cldn15,Dut,Rdh7,Klhl6,Mxd3,Rab25,Gimap5,LOC100038947,Arhgap24,Lpl,Gsta2,Pbk,Cd74,Tmem86a,Fmo1,Clec10a,Padi2,Aoc3,2610017I09Rik,Podn,Itgb7,Tnni2,Tnc,Lfng,Kcne4,Bcl2a1b,Glrx5,Fam96a,Sdc4,Cyr61,Cpm
54,Vpreb3,Tbc1d10c,Racgap1,Vim,Il21r,Lyz2,Emid1,Ntrk2,Hcst,Mmp2,1810011O10Rik,Mrc1,Myl1,Elof1,Irf5,Havcr1,Leap2,Ptprcap,Trim47,Lrg1,Gatm,Sox21,1600020E01Rik,Dcn,4632428N05Rik,Tmem216,Ptpn7,Plg,Cecr2,Cdk1,Elovl4,Ednrb,Hfe,Pax8,Idh2,Chpt1,Incenp,Plek,Dmbt1,Acer2,C5ar1,Rgs18,Itga7,Serpine2,Axl,Itgam,Clec10a,Vsig4,Cd160,Tpm1,Sepx1,2410076I21Rik,Mcm5,Hspa1a,Dpt,Enpep
55,Tspan32,Podnl1,Spc24,Plaur,Selplg,Itgal,Cotl1,Cdca8,Rgs2,Tgfbi,Sytl2,AF251705,Angpt1,Ccdc78,Ptpro,Bcl11a,Sel1l3,Gpr56,Palm,Nrp1,Fam124a,F3,Pla2g16,Mmp23,Gca,Hk3,Itgb3,2810007J24Rik,Cd22,Gtf2h4,Dsp,Igfbp3,Cyth4,Col4a4,D630045M09Rik,BC021785,Cdk1,Zmynd15,R3hdml,Nsg1,Dnase1l3,Hcst,Gja4,Ibsp,Prss23,AI607873,AF251705,A430110N23Rik,Spn,Adamts1,C130050O18Rik,Hbq1b,Tmsb10,Gas1,Mxra8,Atp11a
56,Syk,Arl4c,Bcl11a,Cst3,Cd53,Alox5,Dclk1,Uqcrc1,Rab44,Kcnk2,Sgpl1,Ms4a6d,Mylk3,2310007L24Rik,Gngt2,F630111L10Rik,Apoa1,1700048O20Rik,Dock6,Scarb1,Prickle1,Krt19,Cdr2,Dclk1,Arhgdib,Siglece,Tfec,Azgp1,Rhoh,Camk4,Perp,Cdh5,Cxx1c,Mal,Pou3f3,Slc13a1,Fam53b,Slfn1,Tnk2,Smad6,C3ar1,Aqp9,Rbpms2,D0H4S114,Col15a1,Csf1r,Tep1,Steap4,Serpinb9b,Pou3f1,Myo1f,Abcb10,Cmtm7,Defb25,Ptx3,Scgb1c1
57,Cd83,Kcnj8,Hes6,Gm2a,Crem,Pld3,Tpm1,Sostdc1,Atp8b4,Avpr1a,Acsl3,Bpifb1,Lpl,Rsph9,Ifitm3,Clec9a,Parm1,Chchd10,Efcab4a,Vwf,Elk3,Sox2,Fbxo9,Atp1a2,Osm,Rac2,Bex6,Scd1,A630001G21Rik,Ube2c,Them5,Kank3,Fcgr2b,Slc16a7,Dst,Nox4,Kif22,Sirpb1b,Vsig10,Adrb1,Gp49a,Rab44,Smarcd3,Crispld1,Il6,Smpdl3a,Wdfy4,Rgs16,Sh2d2a,Prx,Pld4,Ift140,S100a4,2310015B20Rik,Scarf2,Elovl1
58,Bcl11a,Shisa5,Ccr2,Fxyd5,Tnfsf8,LOC100038947,Tuba1c,Ccnb1,Gpr97,Chpf,Acaa1b,Emr1,Cryab,Plcb3,Tifab,St8sia4,Hsd3b5,Gfra2,Arhgap29,Lims2,Tfpi,Frat2,Ccndbp1,Slc43a3,Ccr1,Rrm2,Gm1604b,Ces3a,H2-Ob,Tox,Sult2b1,Dkk2,Selplg,Hoxd9,Tfcp2l1,Amn,Asf1b,Alox5ap,Glul,Fibin,Tpsb2,Ncf2,Gng11,Clu,Ace,Ptplad2,Cyth4,Ager,Id2,Adamts4,Lyz2,Gata1,Coro1a,Tnfrsf12a,Serping1,Pi4k2b
59,Rnase6,B4galnt1,Unc93b1,Cd72,Sh2d1a,Prkar2b,Ctsl,Txndc17,Rapsn,Grem2,Hes1,Rab8b,Corin,Ccdc113,F13a1,Fgr,Bbox1,Cd79b,Ece1,Stmn2,Cldn5,Alcam,Glrx5,Rhoj,Slc2a3,Ffar2,Xpc,Hmgcs2,Zcwpw1,Asf1b,Aldh3a1,Myct1,Lrrc25,Cdkl1,Acadsb,Slc22a18,Mcm7,Sfpi1,Stc2,Gja4,Mmp12,Tbc1d4,Gucy1a2,S100a4,Col3a1,Hck,Amica1,Col12a1,Ifng,Scn7a,Smpdl3b,Slc38a5,Ccna2,Spry2,Scn3a,Cmtm8
60,Ciita,Klk8,Hist2h2ac,Cd40,Bcl2,Dmxl2,Flnc,Pitx1,Rab37,Mdk,Zfand2a,Marcksl1,Ank1,Syt5,Slamf8,Gm14207,Krt19,Eef2k,Ptpn14,Lrrc32,Rasal2,Nkx2-1,Eif5,Hic1,Syne1,Syne1,Gp1bb,Ugt2b5,Apobec3,Lmnb1,Prr9,Rasgrp3,Ctss,Scnn1g,Gcgr,Cela1,Ccnb2,Ccl4,Ppap2c,Nostrin,Cma1,Ncf1,Prkg2,Msmp,Col6a2,AB124611,Csf1r,Sfrp5,A430084P05Rik,Gpr37l1,Adssl1,Fam132a,Sepx1,Errfi1,Spon1,Kcnc3
61,Dok3,Gpr34,Iqgap2,Pkib,Tmem66,Fpr2,Igfbp5,Crip2,Gpr34,Lbp,Tmem64,Trem2,Fndc5,Agr3,Smpdl3a,Bmyc,Ebpl,Cd69,Aplp2,Tinagl1,Gata4,AU021092,Atg4a,Fam198b,Pilrb2,Mogat2,Rab44,Mug1,Stambpl1,Il21r,Ctnnbip1,Gja4,Cd83,Wnk1,Irx1,G6pc,Clspn,Slc7a11,Sgms2,Edn1,Cd209f,Grm6,Rbpms,Gpha2,Uap1,Ifi30,Ptpro,Acta2,Ccr5,Abcc9,Cd244,Epb4.9,Myo1g,Drp2,5031426D15Rik,Slc39a8
62,Map4k1,Ms4a6b,Gpr25,S100a4,Cd96,4930506M07Rik,Aebp1,Kcnh1,AI662270,Col5a2,Il33,Fcer1g,Popdc2,Dnahc6,Ly86,Clec12a,A730017L22Rik,Cecr2,Rbp1,Robo4,Rasgrp3,Wisp1,Ncoa4,Gata6,Siglece,Gpsm3,Itga2b,Cyp2c70,Btk,Spc25,2310042E22Rik,Tmem204,AF251705,Pcbd1,Pth1r,Ass1,Cecr2,Pla2g7,Pmepa1,Ppp1r16b,Plbd1,Evi2b,Rgs4,Ptgs2,Pcsk6,Irf5,Ly86,Chad,Gimap3,Ifitm1,Cebpb,Fn3k,Ramp1,En1,Ism1,Acot7
63,4930420K17Rik,Rassf5,Hist1h1a,Fcgr2b,Klk8,Sort1,Srm,BC064078,Fam129a,Mmp14,Paqr5,Ccr1,Eno3,Mapk15,AF251705,Sell,Ermp1,Gm4759,Ephb4,Kitl,Ushbp1,Cldn7,Fam117a,Cyp1b1,F630028O10Rik,Cdkn3,Hist1h2ae,Tdo2,Rnase6,Sit1,Dsc2,Arhgef15,Itgb7,Gpr56,Itgb6,Slc7a13,Rsph9,Clec10a,Krt7,Tspan13,AF251705,Selplg,Ldb3,2010002N04Rik,Col6a1,Tep1,Tifab,Postn,Klra21,Pdgfrb,Ncf2,Sowaha,F10,Bag3,Cox4i2,Zdhhc3
64,Srpk3,Pydc3,Ube2c,Csf2rb2,Epsti1,Sulf2,Smtn,Atf3,Tbc1d4,Dcn,Gclc,Ctss,Pde4dip,1700001L19Rik,Lyn,Selplg,0610009L18Rik,Dck,Atp2b4,Tmem88,Dab2,O3far1,Psme3,Pde1a,Csf3r,Hist1h2ae,Mcm6,C8g,Ptp4a3,Sla2,Clic3,Cmtm8,Ryr1,Gabarapl1,Kcnj10,Pter,Klhl6,Emr1,Clu,Ly6c1,Cyth4,Fyb,Rrad,Cspg4,Rarres2,Ctsc,Plekho1,Fibin,Gm4956,Hspb2,Alox5ap,Mkrn1,1810033B17Rik,Maff,Col3a1,Grb14
65,Gimap7,Txk,Cdkn2c,Cldn1,Hmha1,Naaa,Tes,B230120H23Rik,Spn,Tmem158,Oit1,Ccl6,Pygm,Prr15l,Fam105a,Tubgcp5,Gm5480,Pyhin1,Gata2,Akap2,Cyp26b1,Asgr1,Retnlg,Pmp22,Anxa1,Cpne3,Hp,Arg1,Tmem163,Sla,Ovol1,Cd93,Clec4a3,Hoxb8,Gpr56,Slc47a1,Nmral1,Itgal,Mlph,Hyal2,Ly86,Fcer1g,Actn1,Nfatc2,Pla1a,Mnda,Fcer1g,Kcnj8,Phactr3,Gucy1b3,Dleu2,Rbm38,Trem2,Cebpb,Dpysl2,Myo5c
66,Bfsp2,Dusp2,Mxd3,O3far1,Tox,Rassf4,Grwd1,Lad1,Lag3,Pdpn,Fa2h,Il1rn,Art3,Spa17,Ctsc,Ctsl,Xkr9,Ptp4a3,Phactr2,Sox7,Tmem106a,Dio1,Txnrd2,Vcan,Gpsm3,Ogfrl1,Calr,Cfhr2,Lyn,Pbk,Gpx2,Nphs2,Sirpb1b,Pdzk1ip1,Stard8,Slc22a1,Anp32e,Fcrls,Calca,Ushbp1,Cd300a,Npl,Kcnb1,Ldlrad3,Nov,Chi3l3,Bcl2a1d,Rgs4,Itgal,Vwa1,Fmnl1,Ifrd2,Hist1h2ao,Chrna1,Nr2f2,Itga9
67,Lat2,Il2rg,Tyrobp,Ctss,Arl4c,Gda,Has2,Nkx2-3,Fut8,Myh10,9130008F23Rik,Folr2,C130080G10Rik,Aldh1a1,Zbp1,Cfp,2310014F07Rik,Fcho1,Sncaip,Ushbp1,Dlc1,Krt8,AI662270,Islr,Slfn1,Pram1,Mcm3,Cyp2d10,Klf2,Hist1h2ae,Krt32,Ldb2,Cbfa2t3,Scnn1a,Cldn16,Pdzk1ip1,Ube2c,Fcer1g,Ets2,Tie1,Ccl8,Igsf6,Rab6b,Klhl21,Hspg2,Hp,Gng10,C1qb,Irf8,Rasal2,Tmcc1,Hist1h4d,Emilin2,Edn3,Mettl7a1,Ctsc
68,Cnp,Arhgap9,Rgs18,Klrd1,Cytip,X99384,Odc1,Cib2,Man2b1,Ecm1,Atp8b1,Tnf,Fgf12,Spag17,Osm,Apobec3,Liph,Gstt2,Gata6,Rgs16,Pcdh17,Osr2,Phospho1,Nfia,Igsf6,Asf1b,B4galt6,Cyp2c37,Myb,Mcm7,Lyg1,Dll4,Tep1,Hoxb7,Pkhd1,Slc17a3,Cd72,Ctss,St14,Tspan18,Mrc1,Galnt6,Myom1,Chadl,Ogn,Sfpi1,P2ry6,Thbs2,Itga4,Colec11,Il10ra,Hist1h1a,Irf8,Cryab,A330076H08Rik,Il18r1
69,Unc93b1,Cd6,Spn,Hilpda,Gimap7,2400009B08Rik,Sh2d5,Dlk2,Spns3,C1ra,Nqo1,Etv3,Fbxl22,1700024G13Rik,Csf2ra,Fcrla,Scamp5,Ankrd33b,Tie1,Pcdh17,Cmtm8,Bcam,Ppp1cb,Pcsk6,Clec5a,Sfpi1,Rpia,Otc,Prg3,Top2a,Vsig8,F8,Laptm5,Cox7a1,Ggt1,Defb29,Cenpm,Nlrp3,Pgr,S1pr1,Gm2a,Csf2rb2,Jph2,Vasn,C1s,Ptpro,Cxcl13,Tcap,Ptprc,Fxyd1,Dpep2,Epor,Gsr,Sbno2,Srpx,Il33
70,Fam65b,Chn2,Hmgb2,Ifi30,Cd5,Tlr2,Tpbg,Gdpd2,Mpo,Pcolce,Degs2,Glipr1,Epha4,Fam92b,Cyp4f18,Fyn,C8a,Dpp4,Clec14a,Adcy4,Arap3,Scg5,2010011I20Rik,Gpr153,Pram1,Tkt,Tkt,Selenbp2,H2-Oa,Ccnb1,Ccl20,Meox1,5430435G22Rik,Pou3f3,Tns1,Cldn2,Dnajc9,Slc15a3,Mtmr7,Eltd1,Ccl6,Adora2b,Dkk2,Thsd4,C1ra,Ccdc109b,Slamf9,Actn3,Cd48,Fgl2,Smpdl3a,Ptdss2,Gm13476,F2r,Slc7a10,Wfdc2
71,Gimap6,Cd40lg,Lsp1,Gm11974,Tnfrsf9,Klra2,Nop58,BC048355,Stx3,Spon2,Grhl3,Ccl12,D830015G02Rik,Tcea3,Gpr141,Ccr5,Mbl1,Cep250,Sox18,Cxcl12,Lpar6,Clca4,1810058I24Rik,Sparcl1,Alox5,Birc5,Arhgdib,Pon1,Fam65b,Ptcra,Ly6g6e,Robo4,Havcr2,S100a1,Gabarapl1,Eci3,Mcm3,Cd300a,Ubd,Slco2a1,Runx2,Cd53,Speg,Matn3,Rhoj,Lsp1,Slamf7,Pf4,Ctla2b,Crem,Slc16a3,Birc5,Gmnn,Rtn2,Lbh,Prrg3
72,Pxk,Cd52,Ccdc88a,Rel,Cd7,Bcl2a1b,Chadl,Dsc3,Hist1h2ae,Hoxa11as,9530036O11Rik,Cxcr6,Myl3,Ccdc17,Prkcd,Ctss,F10,Il16,Amigo2,Pcp4l1,Ppap2b,Thbs1,Bsdc1,Zeb2,Prdx5,Prdx5,Tipin,Pzp,Fcrl1,Mcm6,Capns2,Ramp2,Clec12a,Pkhd1,Oxct1,Khk,Hist1h3c,Gp49a,Tmc4,Cxx1b,Batf3,Gpr34,Nr2f2,Fam101a,Ugdh,Tgfbi,Clec9a,Cd207,Sept1,Matn2,Gm2a,Prkar2b,Ccdc109b,Calcr,F2r,Tspan11
73,Btk,Cd2,Gria3,Pak1,Tcf7,Plin2,Lamc2,D2Ertd750e,Sdf2l1,Sparc,Nrn1,Srgn,Rcan2,Fam47e,Ccdc109b,Trim30a,Areg,Rsph1,Fam198b,Stc1,Ralgapa2,Eya2,Creg1,Tnxb,Fcgr3,Top2a,Dtymk,Crp,Grap,Dck,Gjb2,Tbxa2r,4930506M07Rik,Tfap2b,Tspan8,Nat8,Stambpl1,Ccrl2,Ngf,Aard,Fyb,Srgn,Rbm24,Nfatc1,Loxl1,Lrrc25,AA467197,Col8a2,Rgs1,Apold1,Ifitm6,Tmod1,Nin,Dag1,Scn7a,Ctsh
74,Cd55,Fasl,Vrk1,A430084P05Rik,Shisa5,Bcl2a1d,Fndc4,Pitx2,1190002F15Rik,Gas6,Rab27b,Mpeg1,Mfn2,Cetn4,Gm5150,H2-DMa,1810019D21Rik,Arntl,Sost,Epas1,Rn45s,Rad51l1,Pabpc1,Htra4,Nfe2,Ube2c,Top2a,Pigr,Il12a,4930572J05Rik,Tgm1,Ecscr,Csf2ra,I830012O16Rik,Cdkl1,Bdh2,Fam129c,Fabp7,Irx5,Sept4,Slamf8,Ptpre,Kcnmb1,Lmcd1,Scara5,Ifitm3,Irf5,Art3,Cd2,Mcam,Samhd1,Lmo2,Asf1b,Six1,Col13a1,Kcnj15
75,Pold4,Cd28,Kctd12,Lsp1,BC021614,Lilra5,Stac2,Krt17,Matk,Itga11,Fer1l4,5430435G22Rik,Jph2,Il18r1,Rassf4,Tcf4,Syngr1,Cd72,Tspan6,Gbp2,Esam,Atp1b1,Nusap1,Hand2,Glrx,Hist1h1b,Cdca7,Apof,Ikzf1,Bambi-ps1,Lgals7,Pde2a,Psap,Gprc5c,Cox7a1,Aass,Rrm1,Pilrb1,Serinc2,Ppap2a,Sfpi1,P2rx1,Ppp1r14a,Fgfrl1,Ms4a4d,Cfp,Clec4b1,Lpar1,Serpina3g,Nr2f1,Metrnl,Uros,Psap,Runx1,Gpc3,Gpr116
76,Tbc1d10c,Gimap1,Tpx2,Rgs2,Rapgef6,Snx10,Rrs1,Ddr1,Adck4,Col6a2,Sprr2g,Tyrobp,Sh3bgr,Ppil6,Cd97,Pltp,Sprr1a,BC035044,Plxnd1,Esm1,Hecw2,Fbxo32,Cdc25b,Gucy1a3,Gmfg,Pygl,BC005764,Gjb1,Jakmip1,Ezh2,S100a14,Tmem88,Pak1,Col18a1,Cacnb4,BC089597,Tpx2,Plbd1,Plekhb1,Ednrb,Evi2a,Gm17745,Wtip,Abi3bp,D630033O11Rik,Zeb2,Adrbk2,Pamr1,Lime1,Nr4a2,Skint3,Nt5c3,Dek,Pi4k2b,Ednra,Ppp1r9a
77,Shisa5,Spin2,Bloc1s2,Plek,Evl,Pilra,Speer4e,Serpinb5,Hk3,Npy1r,Ets2,Ifi30,Smyd1,Tmem107,AB124611,Nek6,Wfdc2,Il12a,Airn,Upp1,Tnfsf10,Dcxr,Sec61g,Mxra7,Hk3,Ap3s1,Hist1h2ac,Mup1,Cmah,Mcm5,Cyp4f39,Thbd,Hepacam2,Pax2,Glod5,Cubn,Ccnb1,Trem1,Lif,Prss23,Lst1,Itk,Bcam,Frzb,Cadm3,Lilrb4,Klrd1,Mt1,Lck,Cxcl1,Rnase6,Hist1h2ao,Ccnb2,Lpar1,C1qtnf7,Prps2
78,Napsa,Rasal3,Lat2,Gch1,Nsg2,Lilrb4,Tmem158,Phospho1,Npl,Rarres2,Gpa33,Ramp3,Sgcg,Wdr96,Fxyd5,Ctsb,Pvrl2,Dusp2,Tspan2,Gm12216,Lphn2,Hspa1b,Tcp11l2,Sulf1,Clec12a,Sepx1,Hdc,Hrg,Cd55,Rcbtb2,Slpi,She,Plekho1,Nudt4,Rn45s,Fam151a,Arntl,Mrc1,Inhbb,Tmem140,Unc93b1,Rab19,Mef2c,Foxa3,Col4a1,Csf2ra,Slamf8,Eno3,Plek,Fbxl22,Prkcd,Isg20,Ethe1,Neu2,Abca8a,Kcne2
79,Gpr171,Inpp4b,Pkib,Rasgef1b,A130040M12Rik,Sepx1,Apoe,Bcam,Dapp1,Rcn1,Enho,Gpr132,Cap2,Nhlrc4,Sepx1,Snx5,Hao1,Plekha2,Afap1l1,Ramp2,1200009I06Rik,Gstm2,Fzr1,Nid1,Pilrb1,Mgst2,Dctpp1,Slc25a47,Hcls1,Hmgb1,Eppk1,Elk3,Naga,Ppargc1a,Bpnt1,Cda,Cdca8,Fcgr3,AW112010,Slc6a2,Fcgr3,Alox5,Ppp1r12a,Cadm1,Plac9,Emr1,Psap,Ccl11,Bcl2,Aatk,Ccl6,Add2,Irf5,Insig2,Igfbp6,Adam19
80,Ell3,Itgb7,Fut7,Ctsz,Dusp10,Unc119,Prss23,Adh7,Angpt1,Col14a1,Far1,Ccr2,Akap6,Ubxn10,Dleu2,Ramp1,Serpinc1,Ppp1r16b,Adcy4,Sox18,Pcdh12,Fosb,Gclm,Nav1,Glipr2,Orm1,Gmfg,Angptl3,Ptpn6,Zap70,Aldh3b2,Gimap4,Cd244,Scd2,Me3,Hnf4a,Ptprcap,1810033B17Rik,Slc7a2,Aplnr,A430084P05Rik,Dgat1,Acyp2,Corin,Steap4,Clec12a,Xlr,Gm13889,Epsti1,Cxcl10,Fam49a,Xpo7,Racgap1,Itga7,Ifi205,Nkd1
81,Gpr183,Cd48,Cdca8,2010002N04Rik,Tmsb10,Cd68,Il24,Krtcap3,Csgalnact2,Kdelr3,Cdh1,S100a4,Slc25a4,Lrrc23,Tnfrsf1b,Ccnd1,Gata3,Adamts7,Cdh5,Mmrn1,Cyp4b1,Edn1,Lmo2,Fxyd6,Cpne3,Cyba,2810417H13Rik,Cyp2d9,Napsa,Smc4,Alox12b,Gimap6,BC028528,Kcne1,Mal,Slc3a1,Cdc25b,Lrrc25,Cd164l2,Tnfsf10,AI607873,Ier2,Rasl12,Ecm2,Col4a2,Tnfaip8l2,Ccl6,Fam159b,Gimap5,Itga7,Apbb1ip,Tmem14c,Ncf4,Frmd6,Slc38a5,Irx5
82,Cd53,Ptpn18,Amica1,Ehd1,Plcxd2,Card11,Mdk,Kif21a,Cks2,Sfrp2,Pvrl2,Ms4a6c,Asb2,2210020M01Rik,Emr4,Lsp1,Degs2,E130215H24Rik,Flt1,Rbp7,Slc43a3,Tmem176a,Rnf10,Abcc9,Pnkp,Smc2,F13a1,Gsta3,Ebf1,Pppde2,Jup,Nes,Fgd2,Elovl7,Arhgap24,Spp1,Aspm,Cd68,Kcnk5,Arhgef15,Alox5ap,Padi4,Hoxc10,Aspn,Socs3,Slfn2,Ms4a7,Mt2,Ptprcap,Gm106,Cbfa2t3,Rad23a,4632428N05Rik,Sytl2,Gja5,Aox3
83,Cyp4f18,Gimap5,Kif15,Lpar3,Emb,Abcd2,Dusp7,Lancl1,Nkg7,Plk2,Spint1,Ccl7,Rbm24,Pcp4l1,Sirpa,H2-T23,Vtn,Cd37,Rdx,1190002H23Rik,Stard8,Trib1,Tspan33,Igfbp3,1700047M11Rik,Xpc,Sfpi1,Ugt2b36,D930015E06Rik,Kif22,Sfn,Plscr1,Ifi30,Gstm2,Egfl6,Kcnj16,Spc24,Samsn1,Muc4,Cd97,Tnf,Mxd1,Ngf,Clec11a,Tfpi2,Rnase6,Unc93b1,Tpm1,Lat2,Npy1r,Plac8,Hist2h2ac,Lgals1,Ntn5,Macf1,A930038C07Rik
84,Zfp318,Klra10,Ppm1m,Traf1,Il2rg,Pion,Akap2,Dusp6,Grm6,Copz2,Gm5480,Icos,Pcp4l1,Dnahc5,Gm4902,Ccdc162,Mup12,Tnfrsf19,Tmtc1,Akap12,Fcgrt,Mgat3,Riok3,Lama2,Cd300lf,Ncam1,Etfb,C4bp,Dennd4b,Rorc,Trim29,Hyal2,Fcer1g,Hoxb6,Ranbp3l,Pecr,Cd24a,Srgn,Zfp664,Aqp1,Lrrc25,Adck4,Grip2,Il17d,Lamc1,Fes,Laptm5,Tagln,Kcnj8,Prss23,Ceacam1,Hist1h2ab,Cks1b,Gpx3,Cfh,Irx3
85,Ccr7,Ppm1j,Gng10,Dnahc2,Inpp4b,B3gnt7,Mt1,Rac3,Tmem71,Selm,Basp1,Trim25,Adprhl1,Tekt4,Fcgr2b,Orai3,1110017F19Rik,Tbxa2r,Spnb2,Col4a2,Vamp5,Kcnk1,Rbm38,Zeb1,Ly6c2,Aldh3b1,Phgdh,Cyp3a25,Cd74,Pcna,Krt78,Gm12216,Kctd12,Efhd1,Plau,Cdh16,Apitd1,Mpeg1,Mtap1b,Galntl4,Cd86,Gm14005,Hey2,Tgfb3,Loxl2,Pyhin1,Lilrb3,Cebpd,Chsy1,Atp1a2,Csf2ra,Isca1,Me2,Zbtb20,Aldh1a1,Anpep
86,Sipa1,Fgf13,Ccna2,Lat2,Gimap9,Itgb2,Col16a1,Tfap2a,Cd63,Rerg,Scamp5,Cd86,Tbx20,Chchd10,1810033B17Rik,Plekhm3,Pparg,Erg,Fam174b,Dll4,C1qtnf1,Slc4a5,Gabarapl2,Colec11,Ppp1r42,Prss57,Sec61b,Cfi,2810013P06Rik,Lrmp,Acer1,3110099E03Rik,Psmb8,Scin,Pcsk6,Abcg2,Rsph1,Cxcr4,Inppl1,Hey1,Kctd12,Stx3,Tril,Eln,Cxcl14,Susd3,Bcl2a1b,Gm11428,Akna,Egfl8,Nfam1,Smc2,Prkcd,Actn3,Adamts2,Snhg11
87,Ccr6,Itgb2,Sgol2,Malt1,Rgs10,Amz1,Trpm4,Palmd,Glipr1,Aard,Pparg,AI607873,Ak1,Iqca,Psap,Ptpn6,Rab11fip1,Srfbp1,Lifr,Cd200,Myct1,Folr1,Spna1,Rgs5,Ncf4,H2afx,Emb,Asgr1,Cyp4f18,Capn3,2810405K02Rik,Epas1,Sla,Tmem72,Epb4.9,Gas2,Lig1,Cxcl13,Capsl,Nrp1,Pkib,Supt3h,Nr4a2,Bmp2,Tmeff2,Fgr,Lat2,Angptl1,As3mt,Ccl2,Rpl3l,Nfe2,Gm885,Pmepa1,Tnfsf13b,Sema4f
88,Prr5,Sema4a,Kmo,Itgb7,Cxcr3,Il1rn,Synpo,Plp2,Fam174b,Calcrl,Idh1,Il5,Vldlr,Tcte1,Nfam1,Card11,Rhpn2,Itga4,Apoe,Cav2,Slc43a2,Cxadr,Tbcel,Tbx18,AB124611,Cks2,Ms4a6c,Ttpa,BC035044,Ptprcap,Ly6d,Lmo2,Tifab,Tspan1,Kl,Sord,Mcm5,Slfn2,Tmem158,Clic5,Amica1,Tec,Klhdc8b,Fbxo2,Sdc2,Fxyd5,Itgax,Folr2,Gpr171,Fam178b,Irf5,Ccna2,Fam49b,Pax7,Fhod1,Fgfr2
89,A630001G21Rik,Klra6,H2-DMa,Nccrp1,S1pr1,Itpripl2,Pdlim7,Phgdh,Cks1b,Lhfp,Ano1,Mmp19,Sspn,Rsph4a,Glipr1,Pnck,Reps2,Bin1,Il6st,Icam1,Hamp,Cyp2b10,Prdx2,Naalad2,Ncf2,Ppm1m,Impa2,Slc38a4,Zcchc11,Sash3,Aox4,Thrsp,H2-Oa,Phyhipl,Pla1a,Pcbd1,Chchd10,Gngt2,Cdc42ep4,Scn7a,Clec4a1,Igf1r,Slc8a1,Gm525,Lbp,AF251705,Myo1g,Vit,Kcnab2,Sema3b,Lyn,Hmmr,Kif11,Pde4b,Fxyd1,Ralgapa2
90,Rasgrp3,Tnfaip8l2,Nup210,Tm6sf1,P2ry10,Abhd12,Tmem51,Cenpf,Fyb,Prss35,Tnfaip2,Ninj1,Tbx5,Iqcg,Plbd1,Lrp8,Dnase1l2,Hes6,Klhl4,Il6,Sh3tc1,Gm889,Snx15,Adamts10,Gsr,Spc25,Mcm2,Apon,Foxp1,Mcm3,Ptgr1,Calcrl,Gng10,Tspan8,Pkp4,Gyk,Hist1h2ac,H2-DMa,Dbndd2,Adcy4,Fcgr4,Chst13,Pde1a,Fam180a,Antxr2,Sirpa,Bst2,1500015O10Rik,Klra12,Pdlim3,S1pr5,Fam117a,Ctsg,Ccl19,Gsn,Scd2
91,B3gnt5,Itgal,Ly86,Kdm4a,Runx3,Alox5ap,Wdr43,Car12,Casp3,Leprel2,Capn5,Gpr65,Pdlim5,D430036J16Rik,S100a4,Flt3,Lmo1,Agpat9,Gata4,S1pr1,Plekhg1,Dnajb1,Chac2,Bicc1,Chi3l1,Ebi3,Cdca7l,Cyp1a2,Gm4759,Ap3s1,Sprr2i,Klf2,Cd52,Idh2,Tmem86a,Tinag,Cks1b,Lyz1,Met,Tmem204,Gm6377,Arhgap15,Pbxip1,Samd4,Lama2,Atp1a3,Ckb,Sparc,Runx3,Aspn,Lrrc25,Ccne1,Cenpe,Myc,Grem2,Mmp15
92,Mndal,Gm11346,Cfp,Ninj1,Gimap1,Plek,Lama3,Chit1,Cd200r1,Loxl2,Ppargc1a,Dennd4a,Sorbs1,Calml4,Il10ra,Fam125a,Tbc1d5,Slc30a5,Cav1,Sparcl1,Col13a1,S100a1,Hagh,Spnb2,Gp49a,4632428N05Rik,Rfc2,A1bg,Ifi203,Colq,Hspb1,Slfn5,St3gal5,Sostdc1,Cd59a,Galnt11,Dnmt1,Cyp4f18,Kcnn4,Podxl,Csf2rb,Ccr2,Slc4a3,Hspb6,Bmp1,Psap,Rgs10,Ctsk,Lgals1,Il34,Lcp2,Gypc,Nusap1,Arid5b,Prex2,Matn4
93,Lax1,Hmha1,Cenpa,Gpr141,Klrd1,Fcer1g,Rbpms,Ppp1r14c,Rom1,Hoxa11,Ugdh,Ccr5,Sorbs2,1110017F19Rik,Fyb,H2-Ab1,Kcne1,Ucp2,Nts,Rsad2,Bst2,Myh14,1110020G09Rik,Ngf,Hcst,Gmfg,Hist1h1b,Itih2,4930420K17Rik,Rrm1,Hebp2,Ifit3,Tnni2,Npnt,Bckdhb,Cndp2,Gmnn,Cd300lf,Tspan1,Ldb2,Fcgr2b,Alox8,Fxyd1,Penk,Sult5a1,Emb,Hck,Scgb1a1,Evl,Flna,Plek,1190002F15Rik,Ms4a4c,Mtap1b,Hmcn1,Mid1ip1
94,Sell,Sit1,Clspn,Itgax,Sept6,Clec4a3,Mt2,Prc1,Tec,Fosb,1190003J15Rik,Crem,Ndrg4,Osbpl6,Unc93b1,Psap,Apoc4,Hnrnpul1,Ltbp4,Gpr4,Ramp2,Ifi202b,Zfand6,Crispld2,Rasgrp4,Pilrb1,Mcm7,Itih3,Gpd1l,Tuba1b,Pir,Tspan15,Tyrobp,Rragd,Plscr2,Aldh6a1,Smarca4,C3ar1,Sdc4,Impdh1,Psap,Il7r,Usp2,Rcan1,Tac1,Lyn,Fcrls,Thbs1,Baiap3,Adra2a,Ptprc,Abcb4,Lbr,1300014I06Rik,C1s,Tmem164
95,Hmha1,Lax1,Tmpo,Tyrobp,Slfn1,Wfdc10,Tspan4,Ptk7,Edem3,Fblim1,Flnb,Bcl2l11,Pfkm,1700026D08Rik,Oasl2,Csf2rb2,Slc22a7,Heyl,Sepp1,Clic5,Tmem88,Kcnj13,Yipf4,Socs2,Trem1,Kif11,Hells,Hamp2,Rac2,Kpna2,Sprr3,Npr1,Unc119,Ptgfr,Chchd10,Plscr2,Dck,Cytip,Ralgds,Sema3c,P2ry6,Ccpg1,Palld,Dusp14,Mmp2,Cd209a,Naga,Igfbp5,Tbc1d10c,Fermt2,Cxcr4,Ccnb2,Cdkn3,Hspa1b,C4b,Sgms1
96,Bin1,Rac2,Tcf19,Lmnb1,Zc3hav1,Slamf9,Nop2,Lamc2,Pglyrp1,Fkbp10,Ebpl,Fcgr3,Dmd,AK129341,Lrrc33,H2-Aa,Gsta4,Unc93b1,Ipo11,Arhgap31,Fyn,Gsta3,Mcart1,Fbln5,Samd9l,H2afz,Spcs3,Agt,BC094916,Arl5c,Evpl,Ptpru,Clec4a1,Chchd10,Aktip,Kl,Lgals9,Gda,Bik,Mcam,Laptm5,Itgal,Dmpk,Wwp2,Ndn,Cd48,Csf2ra,Gpm6a,Qrfp,Cd59a,Trem3,Ube2c,2610039C10Rik,Slc10a6,Tmem204,Dcxr
97,Gpr174,Samd3,Cenpm,Sdcbp2,Arhgap15,Sept9,Map2k3,S100a14,P2rx1,Chodl,Fscn1,Hmox1,Nrap,Ccdc19,Ifit3,H2-DMb1,Uchl1,Cyp4f18,Arhgap31,Thbd,Bace2,Foxa1,Dapk2,Cald1,Lcp1,Fam49b,Gpi1,Cdo1,Gimap1,Mcm2,Gcat,Fgd5,P2ry6,Tns1,Slc5a1,Fmo1,Tuba1b,Fcgr4,Lama5,Tbx3,Flt3,Hgf,Col18a1,Prrx2,Col5a2,Npc2,Fxyd5,Fgl2,Padi2,Plekha4,Itga4,Mns1,Ccdc88a,Stx11,Tbx2,Fam82a1
98,Hhex,Pglyrp2,Ccnb2,C1qa,Rasal3,Tbc1d9,Mthfd2,Fxyd3,Kif20b,Bmp5,Gsto1,Sfpi1,Hfe2,Gm5918,Ptplad2,Sh3bgr,Serpind1,Pkig,Pkhd1l1,Arhgef15,Nr2f2,Epha2,Dnajb2,Ddah2,Fam101b,Tnnt1,Spn,Apom,Nfkbid,Tacc3,Thop1,Grrp1,Plek,Bsnd,Sim1,Ces1f,Mcm6,Ccl22,Cdh1,Arap3,Ccl12,Cd200r1,Arhgef17,Rian,Stmn4,Coro1a,Fcgr2b,Cntfr,Adamts14,Kcnab1,Tlr13,2510003D18Rik,H2afz,Cnn3,Slc43a3,Soat1
99,Lyn,Laptm5,Cdca3,Nceh1,Ets1,Myo7a,Irx2,Cct4,Sytl3,Timp2,Pttg1ip,Evi2a,Kcnj5,Itpka,Rasgrp4,Cmah,Serpina1c,Apobec3,Slc18a2,Nos3,Aass,Slc39a4,Rhd,Fxyd1,Cd33,Galns,Fes,Cat,Arhgap30,1700097N02Rik,Serpinb5,Dlc1,Rbpj,Rab3ip,Paqr5,Pcx,Il7r,Pilrb2,Aldoc,Klhl5,Clec4b1,Samsn1,Npy1r,Col23a1,Qpct,Ms4a6d,Cd209d,Rarres2,Gimap1,Gjc1,Tifab,Ank1,Cd68,Igf2bp2,Pmp22,Chsy1
